seqnames	start	end	width	strand	score	replicateScoreQuantile	groupScoreQuantile	Reproducibility	GroupReplicate	distToGeneStart	nearestGene	peakType	distToTSS	nearestTSS	GC	idx	N	peak_id
chr14	20198863	20199363	501	*	14.10826	0.523	0.347	3	Microglia._.D19-12703	1776	OR11G2	Distal	1776	uc061kio.1	0.4132	1877	0	Peak61395
chr14	76768229	76768729	501	*	121.88082	0.996	0.991	5	Microglia._.D19-12703	6289	VASH1	Intronic	1401	uc061lof.1	0.6008	35	0	Peak63173
chr14	58139043	58139543	501	*	50.13203	0.79	0.698	4	Microglia._.Other	60786	ACTR10	Exonic	51	uc061lck.1	0.4152	921	0	Peak62246
chr14	74612443	74612943	501	*	70.51493	0.859	0.791	4	Microglia._.Other	314	LTBP2	Promoter	314	uc010ytj.2	0.7086	655	0	Peak62994
chr14	24399419	24399919	501	*	10.50604	0.48	0.3	2	Microglia._.D19-13169	882	NYNRIN	Intronic	882	uc061kql.1	0.5968	1996	0	Peak61749
chr14	92647787	92648287	501	*	55.10212	0.81	0.724	4	Microglia._.Other	100664	LGMN	Intronic	2880	uc061ltc.1	0.5609	860	0	Peak63699
chr14	96962202	96962702	501	*	20.7419	0.656	0.518	5	Microglia._.D19-12703	18872	LINC00618	Distal	18812	uc002swy.4	0.485	1431	0	Peak63859
chr14	68813289	68813789	501	*	9.69559	0.32	0.142	2	Microglia._.Other	17285	ZFP36L1	Distal	17285	uc061lhx.1	0.5489	2448	0	Peak62754
chr14	76190228	76190728	501	*	29.78221	0.665	0.537	2	Microglia._.Other	38561	GPATCH2L	Intronic	5429	uc032ntz.1	0.3393	1371	0	Peak63141
chr14	100192784	100193284	501	*	119.60684	0.996	0.991	5	Microglia._.D19-12703	32870	DEGS2	Distal	32870	uc061lyr.1	0.7046	37	0	Peak63935
chr14	67427073	67427573	501	*	14.56691	0.458	0.278	4	Microglia._.Other	14606	MIR5694	Distal	14606	uc061lhe.1	0.5669	2066	0	Peak62570
chr14	100221374	100221874	501	*	65.29874	0.844	0.772	4	Microglia._.Other	17360	YY1	Distal	16673	uc061lys.1	0.493	714	0	Peak63938
chr14	35232435	35232935	501	*	23.99184	0.605	0.457	3	Microglia._.Other	45947	PSMA6	Intronic	45947	uc061kuf.1	0.4631	1592	0	Peak61859
chr14	100066200	100066700	501	*	60.15959	0.828	0.75	5	Microglia._.Other	43063	MIR151B	Exonic	12	uc061lyp.1	0.4052	772	0	Peak63913
chr14	77028464	77028964	501	*	86.26909	0.978	0.96	5	Microglia._.D19-12703	14	IRF2BPL	Promoter	14	uc061loj.1	0.7206	134	0	Peak63225
chr14	24430776	24431276	501	*	6.36661	0.159	0.05	3	Microglia._.Other	71	CBLN3	Promoter	71	uc032nrh.2	0.5729	2682	0	Peak61753
chr14	91253261	91253761	501	*	13.30873	0.429	0.259	4	Microglia._.Other	413	GPR68	Intronic	368	uc061lsj.1	0.7824	2151	0	Peak63627
chr14	58298291	58298791	501	*	43.39042	0.925	0.882	5	Microglia._.D19-13169	155	ARID4A	Promoter	14	uc010ysf.3	0.5549	369	0	Peak62259
chr14	58396289	58396789	501	*	27.68663	0.804	0.721	5	Microglia._.D19-13166	622	TOMM20L	Intronic	610	uc061lcn.1	0.5549	864	0	Peak62265
chr14	73239446	73239946	501	*	6.36661	0.159	0.05	2	Microglia._.Other	2198	PAPLN	Exonic	70	uc021vkc.2	0.6407	2701	0	Peak62897
chr14	70883180	70883680	501	*	72.26996	0.864	0.797	5	Microglia._.Other	23974	PCNX1	Distal	23680	uc061ljm.1	0.4531	628	0	Peak62847
chr14	75176097	75176597	501	*	17.87114	0.904	0.851	4	Microglia._.D19-13165	283	TMED10	Intronic	184	uc061lnh.1	0.6667	456	0	Peak63032
chr14	103443330	103443830	501	*	8.02917	0.294	0.128	2	Microglia._.D19-12703	58187	MARK3	Intronic	14386	uc002taq.5	0.3812	2497	0	Peak64093
chr14	31128762	31129262	501	*	42.06086	0.75	0.643	4	Microglia._.Other	78791	HECTD1	Exonic	293	uc061krz.1	0.4631	1058	0	Peak61784
chr14	102304953	102305453	501	*	93.90807	0.908	0.858	4	Microglia._.Other	2	MOK	Promoter	2	uc061mip.1	0.5768	440	0	Peak64023
chr14	24215850	24216350	501	*	59.91006	0.965	0.94	5	Microglia._.D19-13166	29	MDP1	Promoter	29	uc061kpv.1	0.5749	184	0	Peak61711
chr14	24395570	24396070	501	*	30.38544	0.85	0.778	5	Microglia._.D19-13169	2965	NYNRIN	Distal	2965	uc061kql.1	0.523	683	0	Peak61747
chr14	81178073	81178573	501	*	14.56691	0.458	0.278	3	Microglia._.Other	24510	SNORA79	Exonic	7908	uc002ste.4	0.3433	2083	0	Peak63338
chr14	90087503	90088003	501	*	153.79878	0.967	0.943	5	Microglia._.Other	25987	KCNK13	Intronic	25987	uc061lsa.1	0.4371	182	0	Peak63541
chr14	75237011	75237511	501	*	22.46929	0.682	0.557	5	Microglia._.D19-12703	41512	FOS	Distal	22149	uc002sro.4	0.511	1309	0	Peak63053
chr14	103921386	103921886	501	*	60.15959	0.828	0.75	5	Microglia._.Other	6632	ATP5MPL	Intronic	69	uc061mka.1	0.6347	774	0	Peak64125
chr14	89027191	89027691	501	*	18.48246	0.531	0.361	3	Microglia._.Other	203287	TTC8	Distal	129301	uc061lru.1	0.7365	1859	0	Peak63448
chr14	100347123	100347623	501	*	24.22068	0.706	0.589	4	Microglia._.D19-12703	24035	SLC25A47	Intronic	543	uc061lzc.1	0.5269	1211	0	Peak63959
chr14	58353493	58353993	501	*	8.02917	0.294	0.128	3	Microglia._.D19-12703	42172	TOMM20L	Exonic	288	uc061lcn.1	0.3453	2485	0	Peak62263
chr14	63752796	63753296	501	*	33.3004	0.799	0.713	3	Microglia._.D19-12703	25006	SGPP1	Distal	16601	uc061lfn.1	0.4671	888	0	Peak62467
chr14	22781145	22781645	501	*	13.86037	0.821	0.739	5	Microglia._.D19-13165	14872	OXA1L	Intronic	919	uc010feb.2	0.501	801	0	Peak61574
chr14	50874789	50875289	501	*	12.07641	0.396	0.213	3	Microglia._.Other	2878	ABHD12B	Intronic	2875	uc002snc.3	0.4132	2248	0	Peak62059
chr14	67619518	67620018	501	*	205.26393	0.986	0.973	5	Microglia._.Other	29	ARG2	Promoter	29	uc002spu.2	0.6886	97	0	Peak62593
chr14	68785513	68786013	501	*	55.10212	0.81	0.724	5	Microglia._.Other	10489	ZFP36L1	Distal	5479	uc061lhx.1	0.5609	856	0	Peak62737
chr14	89484359	89484859	501	*	21.64949	0.754	0.65	4	Microglia._.D19-13169	67254	FOXN3-AS1	Intronic	9441	uc061lrw.1	0.477	1053	0	Peak63486
chr14	89617686	89618186	501	*	27.79183	0.748	0.638	4	Microglia._.D19-12703	41719	FOXN3-AS2	Intronic	1193	uc061lrx.1	0.4531	1081	0	Peak63507
chr14	56092736	56093236	501	*	7.64414	0.334	0.164	3	Microglia._.D19-13169	24827	PELI2	Distal	17505	uc002snw.5	0.4112	2379	0	Peak62221
chr14	60657074	60657574	501	*	11.99972	0.536	0.374	4	Microglia._.D19-13169	934	SIX1	Intronic	934	uc061ldz.1	0.6886	1803	0	Peak62351
chr14	105388539	105389039	501	*	79.36713	0.881	0.821	5	Microglia._.Other	9789	MTA1	Exonic	166	uc061mlp.1	0.6487	554	0	Peak64218
chr14	53217356	53217856	501	*	101.33725	0.919	0.874	4	Microglia._.Other	64251	LOC101927620	Distal	105	uc061lal.1	0.6906	388	0	Peak62131
chr14	76191209	76191709	501	*	56.77856	0.816	0.731	4	Microglia._.Other	39542	GPATCH2L	Intronic	4448	uc032ntz.1	0.3852	827	0	Peak63142
chr14	58166312	58166812	501	*	15.8493	0.485	0.317	2	Microglia._.Other	33517	ACTR10	Intronic	13208	uc061lck.1	0.491	1941	0	Peak62249
chr14	70908175	70908675	501	*	19.03998	0.628	0.488	4	Microglia._.D19-12703	1019	PCNX1	Intronic	685	uc061ljm.1	0.7365	1524	0	Peak62851
chr14	77800192	77800692	501	*	114.56895	0.936	0.898	5	Microglia._.Other	358	ADCK1	Intronic	302	uc061lph.1	0.6906	328	0	Peak63310
chr14	89672590	89673090	501	*	38.91301	0.732	0.624	5	Microglia._.Other	96623	FOXN3-AS2	Intronic	21936	uc061lrx.1	0.483	1125	0	Peak63513
chr14	77047302	77047802	501	*	12.52959	0.478	0.29	3	Microglia._.D19-12703	6487	LINC02288	Intronic	6487	uc010fgy.4	0.4351	2036	0	Peak63244
chr14	22819080	22819580	501	*	23.35274	0.777	0.682	3	Microglia._.D19-13169	10489	SLC7A7	Intronic	390	uc061kmi.1	0.4731	952	0	Peak61589
chr14	58297047	58297547	501	*	3.40647	0.014	0.002	2	Microglia._.Other	836	PSMA3-AS1	Promoter	786	uc061lcm.1	0.3832	2855	0	Peak62257
chr14	69614580	69615080	501	*	56.77856	0.816	0.731	5	Microglia._.Other	3233	SUSD6	Intronic	2291	uc061lit.1	0.4251	825	0	Peak62790
chr14	89730669	89731169	501	*	81.16019	0.884	0.826	5	Microglia._.Other	154702	FOXN3-AS2	Intronic	18407	uc061lrx.1	0.4271	542	0	Peak63523
chr14	92492210	92492710	501	*	99.47076	0.916	0.868	5	Microglia._.Other	21313	RIN3	Intronic	21313	uc061ltb.1	0.499	411	0	Peak63671
chr14	22798453	22798953	501	*	40.89185	0.853	0.783	5	Microglia._.D19-12703	31116	SLC7A7	Intronic	16478	uc061kmi.1	0.4331	673	0	Peak61579
chr14	49868074	49868574	501	*	237.19263	0.993	0.985	5	Microglia._.Other	5474	RN7SL2	Distal	3997	uc061kyn.1	0.6727	54	0	Peak61996
chr14	49970487	49970987	501	*	9.05292	0.413	0.229	3	Microglia._.D19-13169	4337	MIR6076	Intronic	4337	uc002smr.4	0.4471	2205	0	Peak62005
chr14	59240313	59240813	501	*	12.07641	0.396	0.213	2	Microglia._.Other	51916	DAAM1	Intronic	22891	uc061lcr.1	0.4331	2254	0	Peak62300
chr14	63542691	63543191	501	*	32.77034	0.689	0.564	3	Microglia._.Other	432	PPP2R5E	Exonic	356	uc061lfl.1	0.7265	1279	0	Peak62455
chr14	64504484	64504984	501	*	48.72762	0.893	0.838	5	Microglia._.D19-12703	478	ZBTB25	Exonic	7	uc061lfq.1	0.6906	499	0	Peak62484
chr14	68633306	68633806	501	*	10.98767	0.428	0.245	2	Microglia._.D19-12703	162696	ZFP36L1	Distal	5110	uc061lhx.1	0.5389	2170	0	Peak62712
chr14	73786996	73787496	501	*	86.58238	0.895	0.84	5	Microglia._.Other	113	LOC100506476	Promoter	11	uc061llf.1	0.7944	493	0	Peak62957
chr14	76203376	76203876	501	*	43.65258	0.759	0.659	4	Microglia._.Other	51709	GPATCH2L	Exonic	7717	uc032ntz.1	0.497	1019	0	Peak63145
chr14	22811635	22812135	501	*	16.69186	0.664	0.527	3	Microglia._.D19-13169	17934	SLC7A7	Intronic	3296	uc061kmi.1	0.4052	1388	0	Peak61583
chr14	24299520	24300020	501	*	47.24121	0.939	0.901	5	Microglia._.D19-13169	62	DHRS1	Promoter	0	uc061kqb.1	0.6387	310	0	Peak61726
chr14	73311241	73311741	501	*	29.78221	0.665	0.537	3	Microglia._.Other	65511	LOC101928123	Intronic	12115	uc061lki.1	0.4311	1368	0	Peak62902
chr14	77027685	77028185	501	*	101.33725	0.919	0.874	4	Microglia._.Other	763	IRF2BPL	Exonic	150	uc061loj.1	0.7206	390	0	Peak63224
chr14	89616509	89617009	501	*	9.69559	0.32	0.142	3	Microglia._.Other	40542	FOXN3-AS2	Intronic	2370	uc061lrx.1	0.4291	2463	0	Peak63505
chr14	80942067	80942567	501	*	11.99972	0.536	0.374	4	Microglia._.D19-13169	12725	TSHR	Exonic	531	uc002std.2	0.4232	1817	0	Peak63320
chr14	102316777	102317277	501	*	79.45102	0.988	0.977	5	Microglia._.D19-13166	349	ZNF839	Promoter	349	uc061miq.1	0.5649	89	0	Peak64025
chr14	64659287	64659787	501	*	10.2573	0.418	0.238	3	Microglia._.D19-13166	44564	PLEKHG3	Distal	44564	uc061lfw.1	0.4711	2188	0	Peak62496
chr14	69318113	69318613	501	*	22.58626	0.588	0.435	3	Microglia._.Other	58720	GALNT16	Intronic	14158	uc061liq.1	0.509	1650	0	Peak62781
chr14	77407138	77407638	501	*	46.87028	0.775	0.676	3	Microglia._.Other	16128	NOXRED1	Intronic	9009	uc002ssq.3	0.4311	976	0	Peak63271
chr14	88492155	88492655	501	*	33.3004	0.799	0.713	5	Microglia._.D19-12703	62327	PTPN21	Intronic	6928	uc061lrr.1	0.479	890	0	Peak63435
chr14	21269330	21269830	501	*	59.91006	0.965	0.94	5	Microglia._.D19-13166	85	HNRNPC	Promoter	85	uc061klo.1	0.5469	183	0	Peak61536
chr14	58152013	58152513	501	*	61.1102	0.971	0.949	5	Microglia._.D19-13169	47816	ACTR10	Intronic	49	uc061lck.1	0.7206	162	0	Peak62248
chr14	68477241	68477741	501	*	7.64414	0.334	0.164	2	Microglia._.D19-13169	318761	ZFP36L1	Intronic	5457	uc061lhx.1	0.4691	2392	0	Peak62692
chr14	76753871	76754371	501	*	45.25582	0.768	0.67	5	Microglia._.Other	8067	VASH1	Distal	7266	uc061lof.1	0.479	987	0	Peak63166
chr14	95533742	95534242	501	*	14.56691	0.458	0.278	2	Microglia._.Other	362	SCARNA13	Promoter	252	uc061lvw.1	0.5509	2096	0	Peak63846
chr14	23567588	23568088	501	*	41.48499	0.917	0.871	4	Microglia._.D19-13169	231	AP1G2	Exonic	3	uc021vjf.1	0.5768	392	0	Peak61661
chr14	45250160	45250660	501	*	55.10212	0.81	0.724	5	Microglia._.Other	3129	MIS18BP1	Intronic	2766	uc061kxe.1	0.3872	853	0	Peak61964
chr14	99672463	99672963	501	*	37.35761	0.721	0.604	3	Microglia._.Other	11590	CYP46A1	Intronic	11590	uc002sxr.2	0.5409	1171	0	Peak63888
chr14	34714443	34714943	501	*	84.7678	0.892	0.836	4	Microglia._.Other	129	CFL2	Exonic	2	uc061kss.1	0.7545	503	0	Peak61846
chr14	55084606	55085106	501	*	10.98767	0.428	0.245	3	Microglia._.D19-12703	33224	MAPK1IP1L	Distal	21904	uc061lbl.1	0.3912	2164	0	Peak62193
chr14	100031566	100032066	501	*	8.55112	0.275	0.113	2	Microglia._.Other	60366	EVL	Intronic	12239	uc061lyo.1	0.4611	2542	0	Peak63910
chr14	22915519	22916019	501	*	6.28496	0.235	0.096	2	Microglia._.D19-13169	3177	PRMT5-AS1	Intronic	1786	uc061kmp.1	0.491	2554	0	Peak61606
chr14	68526695	68527195	501	*	19.83073	0.551	0.391	3	Microglia._.Other	269307	ZFP36L1	Intronic	18616	uc061lhx.1	0.501	1765	0	Peak62695
chr14	88017497	88017997	501	*	7.64414	0.334	0.164	2	Microglia._.D19-13169	6802	LINC01146	Distal	2135	uc002stn.3	0.4052	2402	0	Peak63411
chr14	102106304	102106804	501	*	45.25582	0.768	0.67	3	Microglia._.Other	32948	WDR20	Intronic	19362	uc061mio.1	0.4471	994	0	Peak64019
chr14	58199616	58200116	501	*	118.40058	0.94	0.904	5	Microglia._.Other	213	ACTR10	Promoter	213	uc061lck.1	0.6307	301	0	Peak62250
chr14	97544479	97544979	501	*	26.8547	0.636	0.499	3	Microglia._.Other	85912	LINC02325	Intronic	21633	uc061lxk.1	0.3972	1504	0	Peak63868
chr14	105315039	105315539	501	*	5.33326	0.096	0.018	3	Microglia._.Other	299	BRF1	Intronic	200	uc061mlm.1	0.7665	2812	0	Peak64206
chr14	21557567	21558067	501	*	11.85103	0.485	0.317	3	Microglia._.D19-13166	12926	OR10G3	Distal	12926	uc061kma.1	0.3653	1926	0	Peak61551
chr14	24315165	24315665	501	*	53.43536	0.803	0.717	4	Microglia._.Other	3964	LTB4R	Intronic	714	uc021vji.1	0.5389	874	0	Peak61734
chr14	34873500	34874000	501	*	149.7906	0.965	0.94	5	Microglia._.Other	1896	BAZ1A	Intronic	592	uc061kst.1	0.6447	186	0	Peak61850
chr14	45135081	45135581	501	*	7.44057	0.221	0.075	2	Microglia._.Other	11	FKBP3	Promoter	11	uc061kxb.1	0.3513	2642	0	Peak61960
chr14	50831549	50832049	501	*	9.48621	0.368	0.199	2	Microglia._.D19-12703	677	NIN	Promoter	677	uc002sna.3	0.5429	2284	0	Peak62056
chr14	89164639	89165139	501	*	28.31061	0.651	0.511	2	Microglia._.Other	252464	FOXN3-AS1	Intronic	8145	uc061lrw.1	0.5409	1462	0	Peak63451
chr14	100375392	100375892	501	*	38.91301	0.732	0.624	4	Microglia._.Other	775	WDR25	Promoter	1	uc002sya.4	0.519	1126	0	Peak63964
chr14	24483767	24484267	501	*	4.98173	0.124	0.038	2	Microglia._.D19-13169	24247	CMA1	Distal	17576	uc061kqp.1	0.491	2726	0	Peak61757
chr14	59483257	59483757	501	*	9.69559	0.32	0.142	2	Microglia._.Other	922	L3HYPDH	Promoter	177	uc032nsu.2	0.4571	2441	0	Peak62316
chr14	70018856	70019356	501	*	60.86875	0.935	0.896	5	Microglia._.D19-12703	164974	SMOC1	Intronic	24866	uc061liv.1	0.5469	329	0	Peak62832
chr14	81422403	81422903	501	*	11.99972	0.536	0.374	4	Microglia._.D19-13169	13811	STON2	Intronic	4399	uc021vks.1	0.4611	1818	0	Peak63357
chr14	92121478	92121978	501	*	44.78159	0.874	0.812	5	Microglia._.D19-12703	188	NDUFB1	Promoter	0	uc032nvb.2	0.6108	583	0	Peak63646
chr14	100074354	100074854	501	*	19.83073	0.551	0.391	3	Microglia._.Other	34909	MIR151B	Exonic	273	uc061lyp.1	0.501	1782	0	Peak63919
chr14	30621993	30622493	501	*	65.0059	0.945	0.909	5	Microglia._.D19-12703	130	SCFD1	Exonic	67	uc061krt.1	0.5669	284	0	Peak61781
chr14	50859895	50860395	501	*	14.56691	0.458	0.278	3	Microglia._.Other	12014	ABHD12B	Intronic	12014	uc002snc.3	0.517	2055	0	Peak62057
chr14	61326808	61327308	501	*	29.78221	0.665	0.537	3	Microglia._.Other	45217	TMEM30B	Exonic	144	uc002sor.4	0.4571	1361	0	Peak62362
chr14	69711105	69711605	501	*	6.36661	0.159	0.05	2	Microglia._.Other	15544	SRSF5	Exonic	15544	uc010fgo.5	0.5828	2698	0	Peak62821
chr14	75126818	75127318	501	*	56.77442	0.922	0.877	5	Microglia._.D19-12703	275	NEK9	Exonic	11	uc061lnf.1	0.6707	382	0	Peak63025
chr14	92654230	92654730	501	*	15.8493	0.485	0.317	2	Microglia._.Other	94221	LGMN	Intronic	1978	uc061ltc.1	0.497	1980	0	Peak63706
chr14	103508726	103509226	501	*	4.98173	0.124	0.038	2	Microglia._.D19-13169	14134	CKB	Distal	10110	uc061mjj.1	0.503	2751	0	Peak64096
chr14	20429852	20430352	501	*	12.52959	0.478	0.29	3	Microglia._.D19-12703	5539	KLHL33	Exonic	5539	uc061kjz.1	0.6307	2028	0	Peak61409
chr14	50231709	50232209	501	*	49.43328	0.939	0.901	5	Microglia._.D19-13166	400	SOS2	Promoter	400	uc061kyw.1	0.6966	313	0	Peak62034
chr14	54450456	54450956	501	*	13.30873	0.429	0.259	2	Microglia._.Other	9274	CNIH1	Distal	9274	uc061lav.1	0.3852	2117	0	Peak62135
chr14	59482170	59482670	501	*	13.86037	0.821	0.739	3	Microglia._.D19-13165	2009	L3HYPDH	Intronic	1264	uc032nsu.2	0.4491	803	0	Peak62315
chr14	77347652	77348152	501	*	4.98173	0.124	0.038	2	Microglia._.D19-13169	27017	GSTZ1	Intronic	19461	uc061lot.1	0.3892	2746	0	Peak63266
chr14	80954715	80955215	501	*	43.65258	0.759	0.659	4	Microglia._.Other	77	TSHR	Promoter	23	uc002std.2	0.5529	1022	0	Peak63321
chr14	104976037	104976537	501	*	43.65258	0.759	0.659	4	Microglia._.Other	2069	AHNAK2	Intronic	2069	uc061mle.1	0.6567	1030	0	Peak64164
chr14	24535728	24536228	501	*	5.2719	0.105	0.026	2	Microglia._.D19-12703	27712	CMA1	Distal	27712	uc061kqp.1	0.3633	2769	0	Peak61758
chr14	59255012	59255512	501	*	25.99533	0.728	0.613	4	Microglia._.D19-12703	66615	DAAM1	Intronic	8192	uc061lcr.1	0.4491	1136	0	Peak62303
chr14	67816364	67816864	501	*	77.5815	0.876	0.814	5	Microglia._.Other	23	ZFYVE26	Promoter	23	uc061lhv.1	0.5609	573	0	Peak62606
chr14	69398118	69398618	501	*	54.74442	0.916	0.868	5	Microglia._.D19-12703	258	ERH	Exonic	17	uc061lir.1	0.5349	404	0	Peak62782
chr14	75147965	75148465	501	*	4.34454	0.044	0.011	2	Microglia._.Other	20870	NEK9	Intronic	317	uc061lnf.1	0.3593	2825	0	Peak63031
chr14	89280493	89280993	501	*	11.99972	0.536	0.374	2	Microglia._.D19-13169	136610	FOXN3-AS1	Intronic	57400	uc061lrw.1	0.4731	1819	0	Peak63465
chr14	101761247	101761747	501	*	95.00557	0.985	0.972	5	Microglia._.D19-12703	300	PPP2R5C	Promoter	300	uc061mib.1	0.7525	106	0	Peak63983
chr14	49620011	49620511	501	*	26.8547	0.636	0.499	4	Microglia._.Other	423	RPL36AL	Promoter	423	uc002smi.2	0.5289	1478	0	Peak61978
chr14	52841291	52841791	501	*	6.28496	0.235	0.096	5	Microglia._.D19-13169	49872	GNPNAT1	Distal	19761	uc031rok.1	0.4551	2563	0	Peak62120
chr14	64716779	64717279	501	*	22.15842	0.732	0.624	4	Microglia._.D19-13166	12926	PLEKHG3	Intronic	1325	uc061lfw.1	0.5609	1115	0	Peak62504
chr14	69625308	69625808	501	*	71.34357	0.983	0.968	5	Microglia._.D19-13169	13961	SUSD6	Intronic	8435	uc061lit.1	0.523	116	0	Peak62795
chr14	69725430	69725930	501	*	79.36713	0.881	0.821	4	Microglia._.Other	1219	SRSF5	Promoter	1219	uc010fgo.5	0.4711	553	0	Peak62828
chr14	76977200	76977700	501	*	3.74477	0.04	0.007	3	Microglia._.D19-13169	17811	LINC01629	Distal	9684	uc002ssk.5	0.499	2840	0	Peak63216
chr14	68464601	68465101	501	*	6.28496	0.235	0.096	3	Microglia._.D19-13169	331401	ZFP36L1	Intronic	7181	uc061lhx.1	0.4192	2572	0	Peak62685
chr14	69726886	69727386	501	*	62.93204	0.94	0.904	5	Microglia._.D19-12703	235	SRSF5	Exonic	235	uc010fgo.5	0.6208	304	0	Peak62829
chr14	74905609	74906109	501	*	14.10826	0.523	0.347	2	Microglia._.D19-12703	17536	RPS6KL1	Exonic	1597	uc061lmq.1	0.5569	1882	0	Peak63011
chr14	75277918	75278418	501	*	8.70892	0.334	0.164	3	Microglia._.D19-13166	605	FOS	Promoter	605	uc002sro.4	0.499	2397	0	Peak63063
chr14	88128775	88129275	501	*	61.86379	0.834	0.758	4	Microglia._.Other	92705	LOC101928791	Distal	30819	uc061lro.1	0.4311	749	0	Peak63420
chr14	88130387	88130887	501	*	12.52959	0.478	0.29	3	Microglia._.D19-12703	94317	LOC101928791	Distal	29207	uc061lro.1	0.4172	2037	0	Peak63422
chr14	91510260	91510760	501	*	130.02318	0.951	0.92	5	Microglia._.Other	43	PPP4R3A	Promoter	29	uc002stw.3	0.7285	249	0	Peak63640
chr14	104815328	104815828	501	*	24.22068	0.706	0.589	4	Microglia._.D19-12703	5622	LINC00638	Distal	174	uc061mlb.1	0.6427	1214	0	Peak64156
chr14	104926394	104926894	501	*	33.3004	0.799	0.713	5	Microglia._.D19-12703	1827	PLD4	Intronic	1763	uc061mld.1	0.6088	893	0	Peak64161
chr14	22598002	22598502	501	*	122.25404	0.944	0.907	5	Microglia._.Other	14	ABHD4	Promoter	14	uc002sht.3	0.6168	290	0	Peak61566
chr14	22918424	22918924	501	*	15.8493	0.485	0.317	3	Microglia._.Other	272	PRMT5-AS1	Promoter	272	uc061kmp.1	0.477	1927	0	Peak61609
chr14	39267376	39267876	501	*	26.8547	0.636	0.499	3	Microglia._.Other	564	LOC100288846	Promoter	211	uc061kvv.1	0.5828	1477	0	Peak61929
chr14	68577749	68578249	501	*	56.77856	0.816	0.731	4	Microglia._.Other	218253	ZFP36L1	Intronic	32436	uc061lhx.1	0.4631	824	0	Peak62701
chr14	69648776	69649276	501	*	14.56691	0.458	0.278	3	Microglia._.Other	37429	SUSD6	Intronic	9483	uc061lit.1	0.3892	2074	0	Peak62802
chr14	73852507	73853007	501	*	48.49576	0.783	0.69	5	Microglia._.Other	785	ZNF410	Intronic	785	uc061lli.1	0.511	940	0	Peak62964
chr14	24296762	24297262	501	*	35.81517	0.711	0.596	2	Microglia._.Other	2820	DHRS1	Intronic	2355	uc061kqb.1	0.495	1177	0	Peak61724
chr14	34462186	34462686	501	*	194.78427	0.984	0.97	5	Microglia._.Other	79	SPTSSA	Promoter	79	uc061ksp.1	0.7645	108	0	Peak61837
chr14	35401804	35402304	501	*	19.83073	0.551	0.391	2	Microglia._.Other	2694	NFKBIA	Exonic	1183	uc061kug.1	0.4172	1756	0	Peak61880
chr14	91509442	91509942	501	*	19.83073	0.551	0.391	2	Microglia._.Other	861	PPP4R3A	Exonic	37	uc002stw.3	0.7645	1777	0	Peak63639
chr14	92551935	92552435	501	*	10.87143	0.361	0.184	3	Microglia._.Other	38410	RIN3	Intronic	3654	uc061ltb.1	0.5529	2359	0	Peak63688
chr14	106844569	106845069	501	*	126.12824	0.947	0.913	5	Microglia._.Other	6179	MIR5195	Distal	6179	uc002tbt.4	0.6727	277	0	Peak64245
chr14	20477412	20477912	501	*	20.7419	0.656	0.518	4	Microglia._.D19-12703	8707	PNP	Distal	572	uc061kkb.1	0.479	1420	0	Peak61420
chr14	30620660	30621160	501	*	3.40647	0.014	0.002	2	Microglia._.Other	1201	SCFD1	Promoter	1201	uc061krt.1	0.4491	2853	0	Peak61779
chr14	35122306	35122806	501	*	19.97046	0.728	0.613	4	Microglia._.D19-13169	38	PPP2R3C	Promoter	1	uc061ksy.1	0.5629	1134	0	Peak61858
chr14	39877783	39878283	501	*	21.19896	0.57	0.412	2	Microglia._.Other	445532	FBXO33	Distal	403097	uc002sll.3	0.4251	1710	0	Peak61941
chr14	51989807	51990307	501	*	4.34454	0.044	0.011	2	Microglia._.Other	581	RTRAF	Intronic	441	uc002sne.1	0.513	2814	0	Peak62098
chr14	68395475	68395975	501	*	8.55112	0.275	0.113	2	Microglia._.Other	400527	ZFP36L1	Intronic	8587	uc061lhx.1	0.4152	2521	0	Peak62676
chr14	73461414	73461914	501	*	17.15491	0.509	0.336	2	Microglia._.Other	1977	LOC101928143	Intronic	758	uc002sqw.2	0.4371	1899	0	Peak62912
chr14	77038036	77038536	501	*	21.19896	0.57	0.412	3	Microglia._.Other	2777	LINC02288	Distal	2777	uc010fgy.4	0.5848	1723	0	Peak63234
chr14	92258401	92258901	501	*	15.8493	0.485	0.317	2	Microglia._.Other	63929	SLC24A4	Distal	5004	uc061lta.1	0.4271	1979	0	Peak63648
chr14	104806691	104807191	501	*	10.98767	0.428	0.245	3	Microglia._.D19-12703	6027	ZBTB42	Distal	6027	uc061mla.1	0.495	2181	0	Peak64155
chr14	22836294	22836794	501	*	22.58626	0.588	0.435	4	Microglia._.Other	12	MMP14	Promoter	12	uc061kmk.1	0.5669	1639	0	Peak61595
chr14	23105911	23106411	501	*	15.8493	0.485	0.317	2	Microglia._.Other	10546	ACIN1	Distal	10546	uc061knb.1	0.5309	1928	0	Peak61624
chr14	24313838	24314338	501	*	51.77863	0.797	0.703	5	Microglia._.Other	2637	LTB4R	Exonic	173	uc021vji.1	0.495	906	0	Peak61732
chr14	34629978	34630478	501	*	71.34357	0.983	0.968	5	Microglia._.D19-13169	44	SNX6	Promoter	44	uc002skk.4	0.7126	113	0	Peak61843
chr14	51859890	51860390	501	*	10.50604	0.48	0.3	4	Microglia._.D19-13169	33944	GNG2	Intronic	273	uc061kzw.1	0.505	2000	0	Peak62088
chr14	58629244	58629744	501	*	24.22068	0.706	0.589	4	Microglia._.D19-12703	4472	DACT1	Distal	4472	uc061lcp.1	0.4471	1203	0	Peak62272
chr14	68341686	68342186	501	*	6.36661	0.159	0.05	2	Microglia._.Other	454316	ZFP36L1	Intronic	45200	uc061lhx.1	0.3872	2693	0	Peak62649
chr14	100342976	100343476	501	*	17.15491	0.509	0.336	3	Microglia._.Other	19888	SLC25A47	Intronic	691	uc061lzc.1	0.509	1922	0	Peak63958
chr14	21017788	21018288	501	*	29.57388	0.823	0.745	4	Microglia._.D19-13166	5347	MIR6717	Exonic	775	uc061kld.1	0.5749	776	0	Peak61512
chr14	24232358	24232858	501	*	97.61022	0.914	0.864	5	Microglia._.Other	153	NEDD8	Promoter	26	uc002siz.4	0.5948	415	0	Peak61712
chr14	24662632	24663132	501	*	35.81517	0.711	0.596	3	Microglia._.Other	28614	GZMB	Distal	28614	uc061krg.1	0.4611	1180	0	Peak61760
chr14	66038480	66038980	501	*	110.75934	0.932	0.891	4	Microglia._.Other	447623	CCDC196	Distal	26996	uc002spq.3	0.4511	346	0	Peak62556
chr14	67516611	67517111	501	*	40.89185	0.853	0.783	4	Microglia._.D19-12703	16439	PLEKHH1	Intronic	1375	uc002spt.5	0.4651	675	0	Peak62580
chr14	68816026	68816526	501	*	37.35761	0.721	0.604	5	Microglia._.Other	20022	ZFP36L1	Distal	20022	uc061lhx.1	0.6607	1163	0	Peak62757
chr14	68957684	68958184	501	*	10.50604	0.48	0.3	4	Microglia._.D19-13169	21505	ACTN1	Intronic	10385	uc061lii.1	0.525	2006	0	Peak62764
chr14	73240243	73240743	501	*	9.69559	0.32	0.142	4	Microglia._.Other	2995	PAPLN	Intronic	867	uc021vkc.2	0.481	2450	0	Peak62898
chr14	89215467	89215967	501	*	9.48621	0.368	0.199	2	Microglia._.D19-12703	201636	FOXN3-AS1	Intronic	7624	uc061lrw.1	0.4092	2297	0	Peak63461
chr14	20469789	20470289	501	*	22.01645	0.95	0.917	5	Microglia._.D19-13165	1084	PNP	Intronic	486	uc061kkb.1	0.515	251	0	Peak61419
chr14	24243089	24243589	501	*	56.77856	0.816	0.731	5	Microglia._.Other	664	TINF2	Promoter	664	uc061kpx.1	0.5429	821	0	Peak61715
chr14	31410260	31410760	501	*	16.69186	0.664	0.527	4	Microglia._.D19-13169	9775	LOC101927124	Intronic	9775	uc002skb.6	0.3393	1392	0	Peak61790
chr14	55278106	55278606	501	*	4.34454	0.044	0.011	2	Microglia._.Other	7052	FBXO34	Intronic	6144	uc061lbu.1	0.3812	2816	0	Peak62205
chr14	64993217	64993717	501	*	34.28598	0.7	0.58	4	Microglia._.Other	6746	FNTB	Intronic	6251	uc061lgf.1	0.3573	1230	0	Peak62511
chr14	68298081	68298581	501	*	37.35761	0.721	0.604	4	Microglia._.Other	478522	RAD51B	Intronic	61791	uc061lhw.1	0.4391	1161	0	Peak62634
chr14	68734089	68734589	501	*	25.41491	0.621	0.47	3	Microglia._.Other	61913	ZFP36L1	Distal	1688	uc061lhx.1	0.505	1573	0	Peak62725
chr14	73754051	73754551	501	*	84.7678	0.892	0.836	5	Microglia._.Other	4445	MIR4505	Intronic	714	uc061lle.1	0.5489	506	0	Peak62942
chr14	73949979	73950479	501	*	84.10494	0.975	0.956	5	Microglia._.D19-12703	184	FAM161B	Exonic	9	uc061llj.1	0.6647	145	0	Peak62968
chr14	81121043	81121543	501	*	7.44057	0.221	0.075	2	Microglia._.Other	81540	SNORA79	Intronic	12943	uc002ste.4	0.3613	2659	0	Peak63331
chr14	89673492	89673992	501	*	13.30873	0.429	0.259	2	Microglia._.Other	97525	FOXN3-AS2	Intronic	22838	uc061lrx.1	0.4291	2148	0	Peak63514
chr14	104795526	104796026	501	*	58.46455	0.822	0.742	4	Microglia._.Other	24	AKT1	Promoter	24	uc061mkz.1	0.8343	799	0	Peak64152
chr14	20988657	20989157	501	*	35.86126	0.888	0.832	3	Microglia._.D19-13169	862	METTL17	Promoter	862	uc061kkx.1	0.5509	509	0	Peak61507
chr14	20989729	20990229	501	*	55.10212	0.81	0.724	5	Microglia._.Other	208	METTL17	Exonic	0	uc061kkx.1	0.6008	850	0	Peak61508
chr14	31207572	31208072	501	*	64.18176	0.972	0.951	5	Microglia._.D19-13166	17	HECTD1	Promoter	17	uc061krz.1	0.7445	159	0	Peak61786
chr14	50954767	50955267	501	*	31.26897	0.677	0.55	2	Microglia._.Other	10280	PYGL	Distal	6984	uc061kzo.1	0.3453	1316	0	Peak62068
chr14	58749185	58749685	501	*	90.23186	0.901	0.848	4	Microglia._.Other	78798	LINC01500	Distal	21810	uc061lcq.1	0.4271	469	0	Peak62284
chr14	67485346	67485846	501	*	12.07641	0.396	0.213	2	Microglia._.Other	43665	MIR5694	Intronic	3135	uc061lhe.1	0.519	2260	0	Peak62572
chr14	81400128	81400628	501	*	9.05292	0.413	0.229	2	Microglia._.D19-13169	36086	STON2	Intronic	1794	uc021vks.1	0.491	2224	0	Peak63352
chr14	100349281	100349781	501	*	29.78221	0.665	0.537	3	Microglia._.Other	26193	SLC25A47	Intronic	2701	uc061lzc.1	0.5489	1382	0	Peak63960
chr14	41749337	41749837	501	*	4.98173	0.124	0.038	2	Microglia._.D19-13169	142016	LRFN5	Intronic	50159	uc061kvy.1	0.3613	2730	0	Peak61945
chr14	68977723	68978223	501	*	18.48246	0.531	0.361	2	Microglia._.Other	1466	ACTN1	Promoter	266	uc061lii.1	0.6547	1854	0	Peak62765
chr14	71141769	71142269	501	*	21.19896	0.57	0.412	2	Microglia._.Other	178429	SIPA1L1	Distal	1233	uc061ljn.1	0.511	1717	0	Peak62854
chr14	74881128	74881628	501	*	8.02917	0.294	0.128	4	Microglia._.D19-12703	512	DLST	Promoter	512	uc061lmp.1	0.477	2491	0	Peak63006
chr14	80959355	80959855	501	*	34.28598	0.7	0.58	4	Microglia._.Other	100	CEP128	Promoter	87	uc032nug.1	0.4132	1237	0	Peak63324
chr14	90658617	90659117	501	*	67.2206	0.979	0.962	5	Microglia._.D19-13169	16228	LOC101928909	Intronic	848	uc061lsf.1	0.5269	127	0	Peak63583
chr14	92600262	92600762	501	*	22.58626	0.588	0.435	2	Microglia._.Other	86737	RIN3	Intronic	14960	uc061ltb.1	0.5509	1660	0	Peak63696
chr14	20684229	20684729	501	*	112.66124	0.934	0.895	5	Microglia._.Other	301	ANG	Exonic	103	uc002shk.5	0.6248	332	0	Peak61443
chr14	49586787	49587287	501	*	31.26897	0.677	0.55	5	Microglia._.Other	457	RN7SL1	Intronic	233	uc061kxu.1	0.3593	1315	0	Peak61973
chr14	60164557	60165057	501	*	37.72055	0.899	0.845	3	Microglia._.D19-13169	5048	DHRS7	Intronic	485	uc061lds.1	0.501	474	0	Peak62342
chr14	68733081	68733581	501	*	88.40379	0.898	0.843	4	Microglia._.Other	62921	ZFP36L1	Distal	2696	uc061lhx.1	0.5449	481	0	Peak62724
chr14	73269941	73270441	501	*	22.58626	0.588	0.435	5	Microglia._.Other	24211	LOC101928123	Intronic	1811	uc061lki.1	0.6307	1651	0	Peak62901
chr14	76102436	76102936	501	*	13.30873	0.429	0.259	3	Microglia._.Other	49229	GPATCH2L	Distal	44361	uc032ntz.1	0.511	2136	0	Peak63138
chr14	77043173	77043673	501	*	46.87028	0.775	0.676	5	Microglia._.Other	2358	LINC02288	Intronic	2358	uc010fgy.4	0.475	974	0	Peak63241
chr14	92768096	92768596	501	*	9.48621	0.368	0.199	3	Microglia._.D19-12703	19643	LGMN	Distal	19643	uc061ltc.1	0.4052	2300	0	Peak63738
chr14	96363131	96363631	501	*	65.29874	0.844	0.772	5	Microglia._.Other	70	GSKIP	Promoter	70	uc061lxe.1	0.7525	712	0	Peak63851
chr14	100147012	100147512	501	*	53.43536	0.803	0.717	3	Microglia._.Other	12900	DEGS2	Intronic	6081	uc061lyr.1	0.6327	883	0	Peak63929
chr14	101824873	101825373	501	*	38.96928	0.841	0.769	5	Microglia._.D19-12703	63324	PPP2R5C	Intronic	284	uc061mib.1	0.4331	721	0	Peak63990
chr14	103571971	103572471	501	*	28.31061	0.651	0.511	3	Microglia._.Other	9258	APOPT1	Intronic	464	uc061mjm.1	0.4471	1470	0	Peak64109
chr14	23695662	23696162	501	*	28.31061	0.651	0.511	2	Microglia._.Other	65796	DHRS2	Distal	33784	uc061kod.1	0.4711	1440	0	Peak61669
chr14	24390683	24391183	501	*	12.07641	0.396	0.213	2	Microglia._.Other	7852	NYNRIN	Distal	7852	uc061kql.1	0.4012	2242	0	Peak61746
chr14	61749204	61749704	501	*	14.56691	0.458	0.278	2	Microglia._.Other	15315	SNAPC1	Intronic	1642	uc002soy.4	0.3613	2060	0	Peak62441
chr14	67620371	67620871	501	*	9.69559	0.32	0.142	2	Microglia._.Other	822	ARG2	Intronic	640	uc002spu.2	0.5309	2444	0	Peak62594
chr14	76728887	76729387	501	*	7.44057	0.221	0.075	2	Microglia._.Other	33051	VASH1	Distal	2424	uc061lof.1	0.4351	2657	0	Peak63161
chr14	76908684	76909184	501	*	77.5815	0.876	0.814	4	Microglia._.Other	50703	LINC01629	Distal	15714	uc002ssk.5	0.5329	576	0	Peak63203
chr14	104077926	104078426	501	*	12.07641	0.396	0.213	2	Microglia._.Other	7502	ASPG	Distal	7502	uc061mkl.1	0.517	2279	0	Peak64126
chr14	104723917	104724417	501	*	61.86379	0.834	0.758	5	Microglia._.Other	18	ADSSL1	Promoter	18	uc061mkx.1	0.7565	756	0	Peak64144
chr14	104939549	104940049	501	*	10.87143	0.361	0.184	3	Microglia._.Other	14982	PLD4	Exonic	7638	uc061mld.1	0.5529	2367	0	Peak64163
chr14	105314473	105314973	501	*	58.81579	0.929	0.887	5	Microglia._.D19-12703	865	BRF1	Exonic	20	uc061mlm.1	0.8703	365	0	Peak64205
chr14	20890797	20891297	501	*	7.44057	0.221	0.075	4	Microglia._.Other	351	RNASE3	Promoter	351	uc061kko.1	0.4351	2634	0	Peak61493
chr14	21085364	21085864	501	*	11.99972	0.536	0.374	2	Microglia._.D19-13169	13322	TMEM253	Intronic	2138	uc061klk.1	0.511	1797	0	Peak61526
chr14	24271337	24271837	501	*	108.86327	0.929	0.887	5	Microglia._.Other	151	RABGGTA	Exonic	3	uc061kpz.1	0.6926	354	0	Peak61718
chr14	34220858	34221358	501	*	8.70892	0.334	0.164	2	Microglia._.D19-13166	1768	EGLN3	Intronic	1768	uc002ske.4	0.499	2371	0	Peak61834
chr14	53152361	53152861	501	*	13.30873	0.429	0.259	5	Microglia._.Other	670	DDHD1	Promoter	210	uc061lak.1	0.6966	2116	0	Peak62129
chr14	65355755	65356255	501	*	22.58626	0.588	0.435	4	Microglia._.Other	20821	MIR4708	Distal	20821	uc061lgw.1	0.485	1647	0	Peak62546
chr14	68607494	68607994	501	*	35.81517	0.711	0.596	4	Microglia._.Other	188508	ZFP36L1	Distal	20700	uc061lhx.1	0.5549	1184	0	Peak62706
chr14	77177770	77178270	501	*	23.99184	0.605	0.457	2	Microglia._.Other	35285	ZDHHC22	Intronic	2163	uc061lor.1	0.4611	1604	0	Peak63258
chr14	81301307	81301807	501	*	6.36661	0.159	0.05	2	Microglia._.Other	80179	GTF2A1	Intronic	22125	uc061lps.1	0.3932	2711	0	Peak63351
chr14	81437100	81437600	501	*	10.87143	0.361	0.184	2	Microglia._.Other	884	STON2	Promoter	884	uc021vks.1	0.4192	2354	0	Peak63363
chr14	81772282	81772782	501	*	9.05292	0.413	0.229	2	Microglia._.D19-13169	149470	LINC01467	Distal	29393	uc061lrg.1	0.3373	2227	0	Peak63380
chr14	93369083	93369583	501	*	21.19896	0.57	0.412	3	Microglia._.Other	22141	COX8C	Intronic	22141	uc061ltm.1	0.3972	1732	0	Peak63773
chr14	94001716	94002216	501	*	19.97046	0.728	0.613	4	Microglia._.D19-13169	4695	CCDC197	Intronic	4625	uc061lts.1	0.5329	1150	0	Peak63795
chr14	100214363	100214863	501	*	157.82503	0.969	0.946	5	Microglia._.Other	24371	YY1	Distal	23684	uc061lys.1	0.7285	174	0	Peak63937
chr14	20461480	20461980	501	*	28.43645	0.981	0.965	5	Microglia._.D19-13165	117	PIP4P1	Promoter	117	uc002shj.4	0.5549	118	0	Peak61416
chr14	24908470	24908970	501	*	79.36713	0.881	0.821	5	Microglia._.Other	141576	STXBP6	Intronic	60092	uc061krh.1	0.4691	548	0	Peak61771
chr14	34629304	34629804	501	*	13.30873	0.429	0.259	2	Microglia._.Other	628	SNX6	Exonic	117	uc002skk.4	0.5768	2107	0	Peak61842
chr14	50790488	50790988	501	*	8.55112	0.275	0.113	3	Microglia._.Other	31141	LOC105370489	Intronic	3779	uc061kzn.1	0.4172	2508	0	Peak62052
chr14	52742418	52742918	501	*	18.48246	0.531	0.361	3	Microglia._.Other	12487	STYX	Intronic	11073	uc061laf.1	0.3892	1840	0	Peak62116
chr14	61511945	61512445	501	*	29.78221	0.665	0.537	4	Microglia._.Other	58344	FLJ22447	Intronic	12894	uc061let.1	0.3832	1362	0	Peak62408
chr14	67515240	67515740	501	*	21.64949	0.754	0.65	5	Microglia._.D19-13169	17810	PLEKHH1	Intronic	4	uc002spt.5	0.7625	1049	0	Peak62578
chr14	68394700	68395200	501	*	22.58626	0.588	0.435	4	Microglia._.Other	401302	ZFP36L1	Intronic	7812	uc061lhx.1	0.6028	1649	0	Peak62675
chr14	69612462	69612962	501	*	51.77863	0.797	0.703	4	Microglia._.Other	1115	SUSD6	Intronic	1073	uc061lit.1	0.479	912	0	Peak62788
chr14	72164430	72164930	501	*	15.8493	0.485	0.317	3	Microglia._.Other	232240	RGS6	Intronic	93834	uc061ljp.1	0.3932	1961	0	Peak62881
chr14	73712412	73712912	501	*	13.48505	0.54	0.382	4	Microglia._.D19-13166	1709	PNMA1	Exonic	1709	uc061llc.1	0.525	1792	0	Peak62932
chr14	75283874	75284374	501	*	32.19314	0.864	0.797	5	Microglia._.D19-13169	5349	FOS	Distal	3930	uc002sro.4	0.511	632	0	Peak63069
chr14	75615052	75615552	501	*	65.0059	0.945	0.909	5	Microglia._.D19-12703	35713	LOC102724153	Intronic	6755	uc061lnp.1	0.521	289	0	Peak63126
chr14	77068178	77068678	501	*	21.19896	0.57	0.412	3	Microglia._.Other	7915	LINC02289	Exonic	7713	uc061lol.1	0.5768	1724	0	Peak63248
chr14	91115044	91115544	501	*	46.87028	0.775	0.676	4	Microglia._.Other	11130	SNORA11B	Intronic	593	uc021vky.2	0.501	978	0	Peak63622
chr14	92490512	92491012	501	*	108.86327	0.929	0.887	5	Microglia._.Other	23011	RIN3	Intronic	23011	uc061ltb.1	0.5549	361	0	Peak63670
chr14	94180676	94181176	501	*	9.05292	0.413	0.229	2	Microglia._.D19-13169	34797	PPP4R4	Intronic	5145	uc002suv.4	0.4052	2231	0	Peak63805
chr14	99738038	99738538	501	*	14.10826	0.523	0.347	2	Microglia._.D19-12703	594	EML1	Intronic	538	uc061lyn.1	0.6467	1888	0	Peak63900
chr14	103121418	103121918	501	*	65.29874	0.844	0.772	5	Microglia._.Other	1773	TNFAIP2	Promoter	1240	uc061mjd.1	0.6148	716	0	Peak64078
chr14	103334929	103335429	501	*	38.91301	0.732	0.624	4	Microglia._.Other	1634	EIF5	Exonic	229	uc061mjg.1	0.6108	1129	0	Peak64089
chr14	105370756	105371256	501	*	55.10212	0.81	0.724	4	Microglia._.Other	27572	MTA1	Intronic	587	uc061mlp.1	0.5768	862	0	Peak64216
chr14	106518277	106518777	501	*	8.02917	0.294	0.128	2	Microglia._.D19-12703	36087	LINC00221	Intronic	6670	uc061mmc.1	0.483	2498	0	Peak64239
chr14	22690759	22691259	501	*	13.30873	0.429	0.259	4	Microglia._.Other	75512	OXA1L	Distal	52535	uc010feb.2	0.4251	2105	0	Peak61567
chr14	24167177	24167677	501	*	15.8493	0.485	0.317	3	Microglia._.Other	4425	REC8	Distal	1667	uc061kpo.1	0.485	1933	0	Peak61705
chr14	51223428	51223928	501	*	10.87143	0.361	0.184	2	Microglia._.Other	16483	TMX1	Distal	16483	uc061kzq.1	0.4032	2321	0	Peak62076
chr14	52791362	52791862	501	*	124.18869	0.946	0.912	5	Microglia._.Other	55	GNPNAT1	Promoter	10	uc031rok.1	0.7745	280	0	Peak62118
chr14	56116397	56116897	501	*	31.26897	0.677	0.55	3	Microglia._.Other	1166	PELI2	Promoter	1166	uc002snw.5	0.4631	1320	0	Peak62223
chr14	58567464	58567964	501	*	8.55112	0.275	0.113	2	Microglia._.Other	66252	DACT1	Distal	27846	uc061lcp.1	0.477	2513	0	Peak62271
chr14	58777366	58777866	501	*	15.15633	0.589	0.444	2	Microglia._.D19-13166	50617	LINC01500	Distal	6369	uc061lcq.1	0.5349	1630	0	Peak62287
chr14	61344472	61344972	501	*	37.31791	0.884	0.826	5	Microglia._.D19-13166	62881	TMEM30B	Intronic	397	uc002sor.4	0.495	531	0	Peak62368
chr14	61472371	61472871	501	*	9.48621	0.368	0.199	4	Microglia._.D19-12703	97918	FLJ22447	Intronic	4545	uc061let.1	0.3972	2286	0	Peak62383
chr14	68681521	68682021	501	*	10.98767	0.428	0.245	2	Microglia._.D19-12703	114481	ZFP36L1	Distal	3793	uc061lhx.1	0.4711	2172	0	Peak62716
chr14	69685034	69685534	501	*	6.6224	0.203	0.062	2	Microglia._.D19-12703	41615	SRSF5	Intronic	26773	uc010fgo.5	0.477	2672	0	Peak62811
chr14	73569011	73569511	501	*	32.77034	0.689	0.564	3	Microglia._.Other	1640	ACOT2	Exonic	23	uc061lky.1	0.5788	1283	0	Peak62923
chr14	75286262	75286762	501	*	29.57388	0.823	0.745	4	Microglia._.D19-13166	7737	FOS	Distal	6318	uc002sro.4	0.4651	781	0	Peak63070
chr14	75406978	75407478	501	*	3.40647	0.014	0.002	2	Microglia._.Other	20487	JDP2	Distal	20461	uc002srr.3	0.3713	2856	0	Peak63101
chr14	76977773	76978273	501	*	47.24121	0.939	0.901	5	Microglia._.D19-13169	18384	LINC01629	Distal	10257	uc002ssk.5	0.5948	315	0	Peak63217
chr14	77027033	77027533	501	*	20.7419	0.656	0.518	2	Microglia._.D19-12703	1415	IRF2BPL	Exonic	802	uc061loj.1	0.7186	1427	0	Peak63223
chr14	88385373	88385873	501	*	176.14819	0.977	0.958	5	Microglia._.Other	698	SPATA7	Exonic	14	uc061lrq.1	0.6567	139	0	Peak63434
chr14	89308451	89308951	501	*	32.19314	0.864	0.797	5	Microglia._.D19-13169	108652	FOXN3-AS1	Intronic	41583	uc061lrw.1	0.511	638	0	Peak63467
chr14	92651123	92651623	501	*	41.48499	0.917	0.871	4	Microglia._.D19-13169	97328	LGMN	Intronic	454	uc061ltc.1	0.5968	398	0	Peak63702
chr14	100067530	100068030	501	*	12.07641	0.396	0.213	3	Microglia._.Other	41733	MIR151B	Intronic	1342	uc061lyp.1	0.5289	2277	0	Peak63915
chr14	100306984	100307484	501	*	9.48621	0.368	0.199	3	Microglia._.D19-12703	624	MIR345	Promoter	624	uc061lzb.1	0.6946	2307	0	Peak63953
chr14	102314093	102314593	501	*	126.12824	0.947	0.913	5	Microglia._.Other	3033	ZNF839	Distal	3033	uc061miq.1	0.5689	276	0	Peak64024
chr14	105490664	105491164	501	*	81.8046	0.991	0.982	5	Microglia._.D19-13169	3714	TEDC1	Intronic	150	uc061mlu.1	0.6906	72	0	Peak64232
chr14	20625188	20625688	501	*	11.99972	0.536	0.374	4	Microglia._.D19-13169	15553	RNASE11	Distal	15553	uc061kkf.1	0.4631	1796	0	Peak61432
chr14	21097502	21098002	501	*	8.02917	0.294	0.128	3	Microglia._.D19-12703	1184	TMEM253	Promoter	887	uc061klk.1	0.6447	2481	0	Peak61530
chr14	21476801	21477301	501	*	112.14046	0.998	0.995	5	Microglia._.D19-13169	77	RAB2B	Promoter	77	uc061klw.1	0.5828	14	0	Peak61549
chr14	51780086	51780586	501	*	6.28496	0.235	0.096	3	Microglia._.D19-13169	45858	GNG2	Distal	15059	uc061kzw.1	0.491	2562	0	Peak62082
chr14	61762839	61763339	501	*	6.36661	0.159	0.05	2	Microglia._.Other	28950	SNAPC1	Intronic	731	uc002soy.4	0.487	2692	0	Peak62446
chr14	65042555	65043055	501	*	58.46455	0.822	0.742	4	Microglia._.Other	1882	MIR4706	Promoter	1882	uc061lgt.1	0.481	790	0	Peak62514
chr14	65101509	65102009	501	*	10.87143	0.361	0.184	3	Microglia._.Other	935	MAX	Intronic	73	uc061lgs.1	0.5988	2336	0	Peak62526
chr14	68331387	68331887	501	*	31.26897	0.677	0.55	4	Microglia._.Other	464615	ZFP36L1	Intronic	55499	uc061lhx.1	0.3812	1327	0	Peak62646
chr14	68408683	68409183	501	*	6.28496	0.235	0.096	2	Microglia._.D19-13169	387319	ZFP36L1	Intronic	2576	uc061lhx.1	0.3593	2571	0	Peak62680
chr14	73713576	73714076	501	*	17.15491	0.509	0.336	3	Microglia._.Other	545	PNMA1	Exonic	545	uc061llc.1	0.6567	1901	0	Peak62933
